insert into public.table_privilege (privilege_id, privilege_name)
values  ('3223214c-83e1-4914-a185-539975781a03', 'read:user'),
        ('8866583a-992e-405d-949a-5681b5718c02', 'write:user'),
        ('8739111d-1925-4402-909d-5162b329281b', 'read:customer'),
        ('41839466-582b-492f-8904-451515862909', 'write:customer'),
        ('963111b6-243c-4946-b193-7062f0753659', 'read:account'),
        ('682a3399-d243-4358-b247-04699103536e', 'write:account'),
        ('76a788a2-6234-482a-9581-979116020627', 'read:transaction'),
        ('2038126c-552b-4062-b31e-148332731675', 'write:transaction')
on conflict do nothing;

insert into public.table_role (role_id, role_name)
values  ('1717a14d-4d89-4b27-ef15-5b8aac1112fc', 'ROLE::CUSTOMER'),
        ('2828b25e-5e9a-4c38-f026-6c9bbd22230d', 'ROLE::USER')
on conflict do nothing;

insert into public.table_role_privilege (privilege_id, role_id)
values  ('3223214c-83e1-4914-a185-539975781a03', '2828b25e-5e9a-4c38-f026-6c9bbd22230d'),
        ('8866583a-992e-405d-949a-5681b5718c02', '2828b25e-5e9a-4c38-f026-6c9bbd22230d'),
        ('8739111d-1925-4402-909d-5162b329281b', '1717a14d-4d89-4b27-ef15-5b8aac1112fc'),
        ('41839466-582b-492f-8904-451515862909', '1717a14d-4d89-4b27-ef15-5b8aac1112fc'),
        ('963111b6-243c-4946-b193-7062f0753659', '1717a14d-4d89-4b27-ef15-5b8aac1112fc'),
        ('682a3399-d243-4358-b247-04699103536e', '1717a14d-4d89-4b27-ef15-5b8aac1112fc'),
        ('76a788a2-6234-482a-9581-979116020627', '1717a14d-4d89-4b27-ef15-5b8aac1112fc'),
        ('2038126c-552b-4062-b31e-148332731675', '1717a14d-4d89-4b27-ef15-5b8aac1112fc')
on conflict do nothing;

insert into public.table_user (user_enabled, user_created_at, user_modified_at, user_id, user_email, user_password, user_phone_number, user_username)
values  (true, '2023-08-10 10:41:02.446536 +00:00', '2023-08-10 10:41:02.446536 +00:00', '9a29347d-e2eb-4bd8-9db2-695e49ea55c9', 'charlie.jones@test.org', 'pass3f3c9b32', '+1-421-576-2077', 'charlie.jones_6587'),
        (true, '2023-04-10 12:00:13.248413 +00:00', '2023-04-10 12:00:13.248413 +00:00', 'cf704ae3-fecd-4a6e-a122-5eb26eb7691e', 'alice.johnson@service.io', 'passd68e109f', '+1-945-423-1531', 'alice_johnson_a7c3'),
        (true, '2023-05-27 05:24:36.344810 +00:00', '2023-05-27 05:24:36.344810 +00:00', '57af1bf3-c02d-47ad-8749-7dddb3b18efb', 'david.williams@company.net', 'passebf435fd', '+1-732-275-5284', 'david_williams_c0c3'),
        (true, '2023-05-21 16:39:54.750964 +00:00', '2023-05-21 16:39:54.750964 +00:00', '3ba9d774-9520-4c26-a8d6-9a94dddf8ab2', 'eve.williams@company.net', 'pass90b4161e', '+1-247-400-4568', 'eve.williams_be42'),
        (true, '2023-03-10 12:38:56.927013 +00:00', '2023-03-10 12:38:56.927013 +00:00', '5b769e24-6f1b-455e-bd58-ab21538a24ee', 'george.brown@example.com', 'passa4dff6f8', '+1-457-810-7727', 'george_brown_5785'),
        (false, '2025-05-26 17:18:44.672852 +00:00', '2025-05-26 17:18:44.672852 +00:00', 'e167335c-4a2e-438d-9349-cb4bc4570268', 'dani-lim@test.org', '$2a$10$Lzo8Rpq0RZdcaiF8wEmXje8UmepWOiuqwQFiIbdIk0Xv3JhVW.4lC', '+1987654321', 'dani-lim')
on conflict do nothing;

insert into public.table_user_role (role_id, user_id)
values  ('2828b25e-5e9a-4c38-f026-6c9bbd22230d', '9a29347d-e2eb-4bd8-9db2-695e49ea55c9'),
        ('1717a14d-4d89-4b27-ef15-5b8aac1112fc', '9a29347d-e2eb-4bd8-9db2-695e49ea55c9'),
        ('2828b25e-5e9a-4c38-f026-6c9bbd22230d', 'cf704ae3-fecd-4a6e-a122-5eb26eb7691e'),
        ('1717a14d-4d89-4b27-ef15-5b8aac1112fc', '5b769e24-6f1b-455e-bd58-ab21538a24ee'),
        ('2828b25e-5e9a-4c38-f026-6c9bbd22230d', '57af1bf3-c02d-47ad-8749-7dddb3b18efb'),
        ('1717a14d-4d89-4b27-ef15-5b8aac1112fc', '57af1bf3-c02d-47ad-8749-7dddb3b18efb'),
        ('2828b25e-5e9a-4c38-f026-6c9bbd22230d', '3ba9d774-9520-4c26-a8d6-9a94dddf8ab2'),
        ('1717a14d-4d89-4b27-ef15-5b8aac1112fc', '3ba9d774-9520-4c26-a8d6-9a94dddf8ab2'),
        ('1717a14d-4d89-4b27-ef15-5b8aac1112fc', 'cf704ae3-fecd-4a6e-a122-5eb26eb7691e'),
        ('2828b25e-5e9a-4c38-f026-6c9bbd22230d', '5b769e24-6f1b-455e-bd58-ab21538a24ee')
on conflict do nothing;

insert into public.table_customer (customer_birthdate, customer_verified, customer_created_at, customer_modified_at, customer_address_id, customer_file_id, customer_id, customer_user_id, customer_first_name, customer_last_name)
values  ('1969-03-08', true, '2025-05-12 21:43:28.676364 +00:00', '2025-05-12 21:43:28.676603 +00:00', null, null, 'db6b95de-051b-4282-92d6-a557d04182b9', '9a29347d-e2eb-4bd8-9db2-695e49ea55c9', 'Charlie', 'Jones'),
        ('1986-05-16', true, '2025-05-12 21:43:28.676702 +00:00', '2025-05-12 21:43:28.676710 +00:00', null, null, '7d143fc6-6106-451a-8833-2293c9ebb633', 'cf704ae3-fecd-4a6e-a122-5eb26eb7691e', 'Alice', 'Johnson'),
        ('2001-01-27', true, '2025-05-12 21:43:28.676769 +00:00', '2025-05-12 21:43:28.676774 +00:00', null, null, '48cf47ae-6b55-42b1-8fc8-5bfca55396fa', '3ba9d774-9520-4c26-a8d6-9a94dddf8ab2', 'Eve', 'Williams'),
        ('1993-06-08', true, '2025-05-12 21:43:28.676831 +00:00', '2025-05-12 21:43:28.676835 +00:00', null, null, 'cc471039-9b22-4804-a807-521ab2d6fb88', '5b769e24-6f1b-455e-bd58-ab21538a24ee', 'George', 'Brown'),
        ('1988-02-28', true, '2025-05-12 21:43:28.676900 +00:00', '2025-05-12 21:43:28.676981 +00:00', null, null, '19cbf999-8f5f-4972-80df-c61d003de365', '57af1bf3-c02d-47ad-8749-7dddb3b18efb', 'David', 'Williams')
on conflict do nothing;

insert into public.table_account (account_balance, account_limit, account_status, account_type, account_created_at, account_modified_at, account_customer_id, account_id, account_name, account_number)
values  (7202.69, 0, 1, 0, '2025-05-12 22:35:45.634174 +00:00', '2025-05-12 22:35:45.634198 +00:00', 'db6b95de-051b-4282-92d6-a557d04182b9', '2d4630ea-2982-460e-b874-aa1aae1d4861', 'David Williams', 'ACCT-358632-91'),
        (6426.89, 2, 0, 0, '2025-05-12 22:35:45.634256 +00:00', '2025-05-12 22:35:45.634261 +00:00', '7d143fc6-6106-451a-8833-2293c9ebb633', '1df72d00-6f24-4b4b-bf99-ec4e55e7e2db', 'Alice Johnson', 'ACCT-725769-39'),
        (997.3, 0, 0, 0, '2025-05-12 22:35:45.634286 +00:00', '2025-05-12 22:35:45.634291 +00:00', '48cf47ae-6b55-42b1-8fc8-5bfca55396fa', '1b3d1d84-a234-4418-9cb5-82e9d721976c', 'Eve Williams', 'ACCT-148408-52'),
        (8793.4, 1, 1, 0, '2025-05-12 22:35:45.634315 +00:00', '2025-05-12 22:35:45.634326 +00:00', 'cc471039-9b22-4804-a807-521ab2d6fb88', '2ab07e90-ebdc-4df4-8728-8aeeefcc6031', 'George Brown', 'ACCT-200695-73'),
        (6624.74, 2, 1, 0, '2025-05-12 22:35:45.634386 +00:00', '2025-05-12 22:35:45.634408 +00:00', '19cbf999-8f5f-4972-80df-c61d003de365', '48b9c7ba-a0ca-496f-b8f8-ff43614ca0bd', 'David Williams', 'ACCT-835650-35')
on conflict do nothing;

insert into public.table_transaction (transaction_amount, transaction_fees, transaction_status, transaction_type, transaction_created_at, transaction_modified_at, transaction_from, transaction_id, transaction_reference, transaction_to)
values  (952.67, 44.63, 4, 1, '2024-09-05 17:39:12.858509 +00:00', '2024-09-06 01:39:12.858509 +00:00', '2ab07e90-ebdc-4df4-8728-8aeeefcc6031', '6d663f18-c43f-453b-8c76-08af737a8603', '96913609-22cf-4f88-9446-458089645437', '2d4630ea-2982-460e-b874-aa1aae1d4861'),
        (52.67, 1.12, 2, 0, '2024-12-04 21:20:48.848978 +00:00', '2024-12-05 10:20:48.848978 +00:00', '2d4630ea-2982-460e-b874-aa1aae1d4861', '4fbfc003-b857-4e0b-8830-ca42208b441d', 'a028ee46-d8ff-4d07-903b-06dfd3fec9fc', '2ab07e90-ebdc-4df4-8728-8aeeefcc6031'),
        (934.33, 44.55, 3, 1, '2025-01-30 21:19:14.710931 +00:00', '2025-01-31 16:19:14.710931 +00:00', '2ab07e90-ebdc-4df4-8728-8aeeefcc6031', 'f63c54f5-654a-4953-82fc-e09543d89163', 'c5a774e5-5585-4407-bddb-dacba1ec02d8', '48b9c7ba-a0ca-496f-b8f8-ff43614ca0bd'),
        (409.88, 15.31, 4, 1, '2025-02-23 05:07:13.729368 +00:00', '2025-02-23 16:07:13.729368 +00:00', '1df72d00-6f24-4b4b-bf99-ec4e55e7e2db', '8a543c42-3653-42e0-a56b-a4f37b0178fc', '50765ee6-77ec-4c98-8c47-4a9e2c54c0ee', '2d4630ea-2982-460e-b874-aa1aae1d4861'),
        (191.54, 8.36, 1, 1, '2025-04-07 13:36:58.935065 +00:00', '2025-04-07 22:36:58.935065 +00:00', '2ab07e90-ebdc-4df4-8728-8aeeefcc6031', '08d7134b-f27c-474c-b287-df218e953be9', 'a544f5e0-b54a-4334-9714-e251dcee7428', '1df72d00-6f24-4b4b-bf99-ec4e55e7e2db'),
        (904.54, 23.62, 2, 0, '2025-04-01 15:00:52.633421 +00:00', '2025-04-01 21:00:52.633421 +00:00', '1df72d00-6f24-4b4b-bf99-ec4e55e7e2db', '68a34f04-bff7-4bf3-8031-323284f47d7b', 'e00d20aa-00bc-42ab-a0c3-b14814660395', '2d4630ea-2982-460e-b874-aa1aae1d4861'),
        (457.84, 21.97, 0, 1, '2025-03-27 01:33:44.469440 +00:00', '2025-03-27 20:33:44.469440 +00:00', '1b3d1d84-a234-4418-9cb5-82e9d721976c', '79711391-b9ab-42d7-a639-33eb9568e7b2', '8902bc32-0c2d-4fdf-8eba-50d8d135b740', '2d4630ea-2982-460e-b874-aa1aae1d4861'),
        (233.23, 10.81, 0, 0, '2024-09-27 17:01:31.839979 +00:00', '2024-09-27 20:01:31.839979 +00:00', '1b3d1d84-a234-4418-9cb5-82e9d721976c', 'b28eac85-17aa-4ec3-9e66-cb350f9fc28e', 'ad2f345e-5c04-459f-bd9d-2be7b5c38789', '48b9c7ba-a0ca-496f-b8f8-ff43614ca0bd'),
        (391.09, 9.61, 2, 1, '2024-11-07 17:20:34.259350 +00:00', '2024-11-07 18:20:34.259350 +00:00', '48b9c7ba-a0ca-496f-b8f8-ff43614ca0bd', 'a0e3cccf-6d3e-400b-bc0e-ef5cf26bd7fb', '88faf7cc-e4ba-4ca6-8351-37c6e333a961', '2ab07e90-ebdc-4df4-8728-8aeeefcc6031'),
        (368.86, 7.05, 1, 1, '2025-01-02 22:12:39.054845 +00:00', '2025-01-03 01:12:39.054845 +00:00', '1df72d00-6f24-4b4b-bf99-ec4e55e7e2db', '5a69c2c8-cb2c-4204-be39-f53d62284e3c', 'ff6a187e-0364-4061-bf15-d9cb9b99f997', '2d4630ea-2982-460e-b874-aa1aae1d4861'),
        (547.47, 6.02, 5, 1, '2024-10-21 23:06:30.752992 +00:00', '2024-10-22 14:06:30.752992 +00:00', '1df72d00-6f24-4b4b-bf99-ec4e55e7e2db', 'f6d272c7-d018-4345-8fa1-c24ef9fc10c7', '2c96b4f3-8f4d-4bed-8d53-788d0cf0b490', '2ab07e90-ebdc-4df4-8728-8aeeefcc6031'),
        (276.15, 12.64, 2, 1, '2024-08-18 17:05:12.125833 +00:00', '2024-08-19 00:05:12.125833 +00:00', '2d4630ea-2982-460e-b874-aa1aae1d4861', 'dd9cfcac-82c3-4940-abed-f78569cf12e5', '122ef6a3-050d-4972-90c4-54a75b8bec52', '1b3d1d84-a234-4418-9cb5-82e9d721976c'),
        (546.11, 23.32, 5, 0, '2025-05-01 06:12:41.984933 +00:00', '2025-05-01 06:12:41.984933 +00:00', '1df72d00-6f24-4b4b-bf99-ec4e55e7e2db', '68fd1d69-e2b6-436d-bdc1-af3424e402e8', '8e65fc59-5b8e-4ade-a00b-733e7e8702d5', '1b3d1d84-a234-4418-9cb5-82e9d721976c'),
        (136.4, 3.31, 5, 0, '2024-10-16 06:44:59.389717 +00:00', '2024-10-16 16:44:59.389717 +00:00', '48b9c7ba-a0ca-496f-b8f8-ff43614ca0bd', '1048dfb3-63aa-4504-847b-28dc64bd138a', '5b43d172-ae04-4bea-877d-da6db4a64234', '1df72d00-6f24-4b4b-bf99-ec4e55e7e2db'),
        (372.7, 5.83, 0, 0, '2024-07-24 19:44:11.678159 +00:00', '2024-07-25 05:44:11.678159 +00:00', '1b3d1d84-a234-4418-9cb5-82e9d721976c', '273cff57-82b1-481d-a740-52508e1290f0', 'e42b06a8-5f58-4934-b874-cfc026fde833', '1df72d00-6f24-4b4b-bf99-ec4e55e7e2db'),
        (62.75, 2.36, 2, 1, '2024-06-26 22:29:25.557571 +00:00', '2024-06-27 18:29:25.557571 +00:00', '2d4630ea-2982-460e-b874-aa1aae1d4861', '2a89970d-03ae-4d21-9c34-a77e68652c9c', '473d7182-552f-4ef9-9b13-d59a447f8392', '48b9c7ba-a0ca-496f-b8f8-ff43614ca0bd'),
        (546.46, 15.45, 4, 0, '2024-06-04 08:28:44.808984 +00:00', '2024-06-04 08:28:44.808984 +00:00', '48b9c7ba-a0ca-496f-b8f8-ff43614ca0bd', '775d83a5-156e-447b-a838-bf340b1ddce5', 'c4173263-ed9f-4b8a-8b00-30ef4375fa87', '2ab07e90-ebdc-4df4-8728-8aeeefcc6031'),
        (983.37, 24.59, 5, 1, '2024-09-26 02:56:28.662453 +00:00', '2024-09-27 00:56:28.662453 +00:00', '2ab07e90-ebdc-4df4-8728-8aeeefcc6031', '44935306-78bf-48f7-91da-db86ae0957ac', '2f000d6c-8d13-44c2-aaa2-9297678ba991', '2d4630ea-2982-460e-b874-aa1aae1d4861'),
        (703.24, 13.32, 3, 0, '2024-08-21 10:44:19.848285 +00:00', '2024-08-21 22:44:19.848285 +00:00', '2ab07e90-ebdc-4df4-8728-8aeeefcc6031', '1daaf98b-2f0e-4b0c-9bd6-80b9cf1b618d', '89a7015e-39c6-4ee6-a9cb-8c1b21309cae', '1df72d00-6f24-4b4b-bf99-ec4e55e7e2db'),
        (397.22, 11.93, 1, 0, '2025-03-18 03:24:05.348167 +00:00', '2025-03-18 14:24:05.348167 +00:00', '1df72d00-6f24-4b4b-bf99-ec4e55e7e2db', '0e45f58b-363c-44e9-9fcf-811b043a29fe', 'f8b9cc7a-c372-4cde-99f8-2f0e523b10a9', '48b9c7ba-a0ca-496f-b8f8-ff43614ca0bd'),
        (536.27, 20.21, 1, 0, '2024-11-02 17:44:56.034892 +00:00', '2024-11-03 08:44:56.034892 +00:00', '48b9c7ba-a0ca-496f-b8f8-ff43614ca0bd', 'fddfc4ea-0ca4-4957-bb37-60994edb64e2', '3dc4f0de-954a-48b6-b146-b2d8c9d2426d', '1b3d1d84-a234-4418-9cb5-82e9d721976c'),
        (148.72, 1.76, 0, 0, '2025-02-20 11:07:38.685922 +00:00', '2025-02-20 11:07:38.685922 +00:00', '2ab07e90-ebdc-4df4-8728-8aeeefcc6031', '99337103-f591-4e97-a7ce-2a1b30b44459', 'fc84c6d9-24f4-4cc5-8559-73ba140d32c4', '48b9c7ba-a0ca-496f-b8f8-ff43614ca0bd'),
        (209.32, 5.44, 2, 0, '2025-04-12 17:32:48.771252 +00:00', '2025-04-13 02:32:48.771252 +00:00', '48b9c7ba-a0ca-496f-b8f8-ff43614ca0bd', 'a1c9f8bd-8017-4342-82dd-0379d96ef239', 'af3375e4-e160-4564-b0a9-2c05f148d34c', '1b3d1d84-a234-4418-9cb5-82e9d721976c'),
        (371.52, 7.15, 4, 0, '2024-09-03 20:48:23.853791 +00:00', '2024-09-04 12:48:23.853791 +00:00', '2d4630ea-2982-460e-b874-aa1aae1d4861', 'd73c7605-1900-43fc-98f3-af5ace925bb3', '6d1983e0-47de-4488-b1f3-d570dd9900bf', '2ab07e90-ebdc-4df4-8728-8aeeefcc6031'),
        (686.01, 26.23, 0, 0, '2025-01-21 05:49:49.916094 +00:00', '2025-01-21 20:49:49.916094 +00:00', '2ab07e90-ebdc-4df4-8728-8aeeefcc6031', 'f3b5aa09-552c-4ff5-ae5a-9a81167bc368', 'd604d5c7-3a82-4043-ada3-39dc6c403a50', '2d4630ea-2982-460e-b874-aa1aae1d4861'),
        (199.91, 8.26, 3, 0, '2024-08-13 11:00:52.832870 +00:00', '2024-08-13 13:00:52.832870 +00:00', '2ab07e90-ebdc-4df4-8728-8aeeefcc6031', '18b200c8-2402-4f5b-93ea-1956c4d3b400', '7d754783-d84c-430e-850c-fb6afd88091e', '1b3d1d84-a234-4418-9cb5-82e9d721976c'),
        (894.01, 24.97, 1, 0, '2025-03-23 14:30:07.110725 +00:00', '2025-03-24 13:30:07.110725 +00:00', '2d4630ea-2982-460e-b874-aa1aae1d4861', '71c97214-f69d-4b3c-b31b-215ff5d2f687', '9b677f8e-a063-4aa3-a3c4-9fe12d50780c', '1b3d1d84-a234-4418-9cb5-82e9d721976c'),
        (330.55, 12.07, 3, 1, '2024-05-31 03:56:00.658153 +00:00', '2024-05-31 15:56:00.658153 +00:00', '1df72d00-6f24-4b4b-bf99-ec4e55e7e2db', 'ec6e7b79-584d-4a85-aa19-6de5377efb06', '11c71e04-03a2-4548-b649-938595b84f03', '48b9c7ba-a0ca-496f-b8f8-ff43614ca0bd'),
        (532.36, 6.82, 3, 1, '2025-01-25 02:46:42.393127 +00:00', '2025-01-25 11:46:42.393127 +00:00', '2ab07e90-ebdc-4df4-8728-8aeeefcc6031', '5e91b25f-5875-4d8b-b152-c381a8a4e570', '75ed85b8-273f-401a-a135-d9cf8742f816', '1b3d1d84-a234-4418-9cb5-82e9d721976c'),
        (537.88, 13.33, 2, 1, '2024-06-09 09:36:20.248457 +00:00', '2024-06-09 17:36:20.248457 +00:00', '48b9c7ba-a0ca-496f-b8f8-ff43614ca0bd', 'bdbd353a-403c-4845-9c35-85b907fce101', '1422a45a-9852-47dd-b39f-dfa57174fbc1', '1df72d00-6f24-4b4b-bf99-ec4e55e7e2db'),
        (879.62, 34.92, 0, 0, '2024-06-27 20:11:03.153241 +00:00', '2024-06-28 19:11:03.153241 +00:00', '2d4630ea-2982-460e-b874-aa1aae1d4861', 'b8831ad9-b2f2-46e0-a9ae-5b88b91e396f', '9c305483-ff69-4321-bf9f-6461b61f226e', '48b9c7ba-a0ca-496f-b8f8-ff43614ca0bd'),
        (872.15, 26.6, 2, 0, '2024-07-15 02:48:48.408283 +00:00', '2024-07-15 20:48:48.408283 +00:00', '1b3d1d84-a234-4418-9cb5-82e9d721976c', '09ad7c7c-a115-418d-b86e-6e326655ec0c', 'c32b8a65-1d3b-4231-9b64-6dd0249008f4', '2d4630ea-2982-460e-b874-aa1aae1d4861'),
        (988.92, 23.66, 5, 0, '2024-10-30 01:38:24.788377 +00:00', '2024-10-30 22:38:24.788377 +00:00', '2ab07e90-ebdc-4df4-8728-8aeeefcc6031', '9566dcdd-821c-4855-acab-6b0174c66eb5', '2cc264b3-955f-4750-b58e-ceefa0be6069', '1b3d1d84-a234-4418-9cb5-82e9d721976c'),
        (658.25, 17.2, 3, 0, '2024-10-18 05:52:39.207138 +00:00', '2024-10-19 03:52:39.207138 +00:00', '1df72d00-6f24-4b4b-bf99-ec4e55e7e2db', '7c337005-c13a-42a5-bf0e-a7a363f48fce', '63e909df-24a2-428b-91b0-24e788f25f24', '1b3d1d84-a234-4418-9cb5-82e9d721976c'),
        (977.54, 39.28, 4, 0, '2025-02-02 01:24:54.227303 +00:00', '2025-02-02 09:24:54.227303 +00:00', '2d4630ea-2982-460e-b874-aa1aae1d4861', 'f2f85a30-01e6-4724-9e21-534a1b81ec45', '5962c0cd-b260-4df1-bfc9-427c86976766', '1b3d1d84-a234-4418-9cb5-82e9d721976c'),
        (706.53, 15.93, 2, 0, '2024-10-11 20:00:13.943731 +00:00', '2024-10-12 08:00:13.943731 +00:00', '1b3d1d84-a234-4418-9cb5-82e9d721976c', '712deffa-686a-4fd0-9a69-d47c9a97c1c3', '4105b591-6cf7-470c-a334-bc513e3c1368', '2ab07e90-ebdc-4df4-8728-8aeeefcc6031'),
        (636.54, 17.87, 2, 0, '2025-02-25 19:44:27.394236 +00:00', '2025-02-26 17:44:27.394236 +00:00', '1df72d00-6f24-4b4b-bf99-ec4e55e7e2db', 'fd046be6-9bc2-404b-bff4-9846d18dac59', 'a58c9d40-0137-4f5f-8a16-a1dfde08112c', '1b3d1d84-a234-4418-9cb5-82e9d721976c'),
        (803.99, 18.37, 5, 0, '2024-12-05 00:47:01.979163 +00:00', '2024-12-05 21:47:01.979163 +00:00', '1b3d1d84-a234-4418-9cb5-82e9d721976c', '99c5b749-75a8-4d1d-816f-10a9fa1b0ccc', 'ac0e6d5e-728e-475a-b577-6dac4c4ae308', '2ab07e90-ebdc-4df4-8728-8aeeefcc6031'),
        (373.43, 14.28, 4, 1, '2025-02-26 19:25:25.327787 +00:00', '2025-02-27 13:25:25.327787 +00:00', '48b9c7ba-a0ca-496f-b8f8-ff43614ca0bd', '3a1c5093-2b92-4733-b10f-dca8302110d2', '33aebc2e-0d7d-42e7-a5f5-7ed535f6feed', '1b3d1d84-a234-4418-9cb5-82e9d721976c'),
        (890.32, 29.85, 1, 0, '2024-06-17 05:38:37.356746 +00:00', '2024-06-17 23:38:37.356746 +00:00', '2ab07e90-ebdc-4df4-8728-8aeeefcc6031', 'f3a0a690-88ca-45f0-9a5d-1983ef74ac07', 'dfe09bb4-f0f7-49d2-a9d0-846586379922', '48b9c7ba-a0ca-496f-b8f8-ff43614ca0bd')
on conflict do nothing;

insert into public.table_token (token_created_at, token_id, token_value)
values  ('2025-05-22 13:32:32.102000 +00:00', 'a5201b94-e352-4699-83b0-9232fab17c82', '345626'),
        ('2025-05-22 13:32:36.096000 +00:00', '20712dc8-6092-4069-8188-218a4da06357', '453634'),
        ('2025-05-22 13:32:40.053000 +00:00', 'd658a5c2-6362-40e2-b976-fe055d2cfd87', '675467'),
        ('2025-05-22 13:32:43.224000 +00:00', '7ed20ab3-cead-4c3b-80cd-3788b15fb8f9', '345676'),
        ('2025-05-29 16:16:12.427978 +00:00', 'cf78f5a6-860b-46bf-bd14-c3854e52c452', '926392'),
        ('2025-05-29 16:16:12.427978 +00:00', 'cf78f5a6-860b-46bf-bd64-c3854e52c452', '928892'),
        ('2025-06-02 16:19:12.427978 +00:00', 'd654a5c2-6262-40e8-b956-fe059d9cfd99', '490654'),
        ('2025-06-07 17:05:12.186000 +00:00', '507120ef-fbc1-4f59-a74b-0db47d5d63e2', '657447'),
        ('2025-06-07 17:05:15.204000 +00:00', 'fa6b2aca-1fbc-4749-acf9-03f0516d3c67', '564755'),
        ('2025-06-07 17:05:17.009000 +00:00', 'c5865fef-a504-4005-8395-3e51441f809a', '513243'),
        ('2025-06-07 17:05:18.354000 +00:00', 'fbf282d6-6b2a-4355-b717-80558f1ee1db', '342564'),
        ('2025-06-07 17:05:19.560000 +00:00', '5f04d930-5be4-4473-9d91-09a1e7649b30', '674523'),
        ('2025-06-07 17:05:20.964000 +00:00', 'b31851c1-a005-4765-bdfd-27ab3a2367e9', '534221')
on conflict do nothing;

insert into public.table_transaction_token (transaction_id, token_id)
values  ('79711391-b9ab-42d7-a639-33eb9568e7b2', 'a5201b94-e352-4699-83b0-9232fab17c82'),
        ('4fbfc003-b857-4e0b-8830-ca42208b441d', '20712dc8-6092-4069-8188-218a4da06357'),
        ('79711391-b9ab-42d7-a639-33eb9568e7b2', 'd658a5c2-6362-40e2-b976-fe055d2cfd87'),
        ('79711391-b9ab-42d7-a639-33eb9568e7b2', '7ed20ab3-cead-4c3b-80cd-3788b15fb8f9'),
        ('f3b5aa09-552c-4ff5-ae5a-9a81167bc368', 'd654a5c2-6262-40e8-b956-fe059d9cfd99'),
        ('99337103-f591-4e97-a7ce-2a1b30b44459', 'fbf282d6-6b2a-4355-b717-80558f1ee1db'),
        ('99337103-f591-4e97-a7ce-2a1b30b44459', '5f04d930-5be4-4473-9d91-09a1e7649b30'),
        ('99337103-f591-4e97-a7ce-2a1b30b44459', 'b31851c1-a005-4765-bdfd-27ab3a2367e9')
on conflict do nothing;

insert into public.table_user_token (type, token_id, user_id)
values  (0, 'cf78f5a6-860b-46bf-bd14-c3854e52c452', 'e167335c-4a2e-438d-9349-cb4bc4570268'),
        (0, '507120ef-fbc1-4f59-a74b-0db47d5d63e2', 'e167335c-4a2e-438d-9349-cb4bc4570268'),
        (1, 'fa6b2aca-1fbc-4749-acf9-03f0516d3c67', 'e167335c-4a2e-438d-9349-cb4bc4570268'),
        (1, 'c5865fef-a504-4005-8395-3e51441f809a', 'e167335c-4a2e-438d-9349-cb4bc4570268')
on conflict do nothing;

insert into table_account_token(account_id, token_id)
values ('1b3d1d84-a234-4418-9cb5-82e9d721976c', 'cf78f5a6-860b-46bf-bd64-c3854e52c452')
on conflict do nothing;

insert into table_file(file_id, file_name, file_type, file_data)
values ('b1fddc00-0d1c-5af9-cc7e-7cc0ce491b22', 'report_image.png', 'image/png', 67890),
       ('1b3d1d84-a234-4418-9cb5-82e9d721976c', 'profile_pic.jpeg', 'image/jpeg', 44556)
on conflict do nothing;











